,Ticker,Price,Number of Shares to Buy,One-Year Price Return,One-Year Return Percentile,Six-Month Price Return,Six-Month Return Percentile,One-Month Price Return,One-Month Return Percentile,HQM Score
0,A,132.63999938964844,,-0.1405520137524412,0.4600840336134454,-0.0207833715004281,0.7647058823529411,0.0276067436916054,0.8214285714285714,
1,AAL,12.869999885559082,,-0.3619236570710104,0.11764705882352942,-0.240708005530073,0.20168067226890757,-0.0264750661422179,0.4789915966386555,
2,AAP,167.63999938964844,,-0.1954250979917145,0.35714285714285715,-0.2158404937445063,0.2689075630252101,-0.0242760127668364,0.4894957983193277,
3,AAPL,146.39999389648438,,0.0274294372920197,0.7373949579831932,-0.1470968131927721,0.4726890756302521,-0.0526111754807165,0.32142857142857145,
4,ABBV,143.3300018310547,,0.3457328244827092,0.9369747899159664,-0.1580086380245003,0.4453781512605042,0.0417181891557572,0.8823529411764706,
5,ABC,142.4499969482422,,0.2172039326381442,0.8928571428571429,-0.1202532790711831,0.5525210084033614,-0.0244487551004136,0.4852941176470588,
6,ABMD,264.260009765625,,-0.2234498405965411,0.3004201680672269,-0.1677374058039338,0.41386554621848737,0.001402080778541,0.6869747899159664,
7,ABT,103.37999725341795,,-0.1092779044671245,0.523109243697479,-0.1549535805867282,0.45168067226890757,0.0065232029492501,0.7226890756302521,
8,ACN,274.3399963378906,,-0.1488936038067754,0.4474789915966387,-0.1920425442611399,0.33613445378151263,-0.0321738354339603,0.4495798319327731,
9,ADBE,297.3800048828125,,-0.486354854227124,0.03571428571428572,-0.3431259849775483,0.06302521008403361,-0.1925603726873384,0.01050420168067227,
10,ADI,151.88999938964844,,-0.0737212428705917,0.5756302521008404,-0.0491064234249509,0.7184873949579833,0.0246913834419641,0.8130252100840336,
11,ADM,86.2699966430664,,0.3967143757163784,0.9474789915966387,-0.0735048117591573,0.6659663865546218,0.0066511051939531,0.7247899159663865,
12,ADP,239.0500030517578,,0.173129429736378,0.865546218487395,0.0114186295862645,0.8319327731092437,0.0081588998941092,0.7289915966386554,
13,ADSK,204.52999877929688,,-0.2773302002728273,0.20168067226890757,-0.0011720734880911,0.8130252100840336,0.0320416103451175,0.842436974789916,
14,AEE,81.44000244140625,,0.0102092181355507,0.7163865546218487,-0.147905018166631,0.4705882352941177,-0.1168943682130075,0.09453781512605042,
15,AEP,87.69999694824219,,0.0780432998682341,0.8004201680672268,-0.1381813391708512,0.4957983193277311,-0.1364710608855146,0.04831932773109243,
16,AES,25.420000076293945,,0.0849764067268304,0.8025210084033614,0.0223824991670905,0.8508403361344539,-0.0241842295285107,0.4915966386554622,
17,AFL,59.66999816894531,,0.1302944984127452,0.8256302521008404,-0.0718621378604781,0.676470588235294,0.0023517452128207,0.6953781512605042,
18,AIG,51.29999923706055,,-0.0818725639525397,0.5630252100840336,-0.1578967109973611,0.4495798319327731,-0.0144255465132155,0.5819327731092437,
19,AIV,7.510000228881836,,0.0467769276705848,0.7689075630252101,0.0798172588804645,0.9159663865546218,-0.1628113222591362,0.023109243697478993,
20,AIZ,151.92999267578125,,-0.05081936301487,0.615546218487395,-0.1755457922288262,0.38445378151260506,-0.0424178169103078,0.39285714285714285,
21,AJG,181.759994506836,,0.1991540362018627,0.8865546218487396,0.0077318682765236,0.8256302521008404,0.0047540112734535,0.707983193277311,
22,AKAM,85.37999725341797,,-0.1770602674369352,0.4012605042016807,-0.284565109155197,0.12394957983193278,-0.0368866803855197,0.42016806722689076,
23,ALB,276.79998779296875,,0.2533357303301229,0.9033613445378151,0.3103085772566344,0.995798319327731,0.0392071111962523,0.8697478991596639,
24,ALGN,228.8099975585937,,-0.6540572309928048,0.0063025210084033615,-0.4580273780659439,0.012605042016806723,-0.0425959567370339,0.38865546218487396,
25,ALK,42.65999984741211,,-0.2918326915873706,0.18277310924369747,-0.2011236211905712,0.3130252100840336,-0.0282460509195158,0.4705882352941177,
26,ALL,133.0,,0.0733808798095119,0.792016806722689,-0.0401841869292954,0.7373949579831932,0.0947403270937331,0.9831932773109244,
27,ALLE,95.95999908447266,,-0.259623557705439,0.23949579831932774,-0.1077265831477337,0.5735294117647058,0.0183356243384247,0.7878151260504203,
28,AMAT,89.22000122070312,,-0.2964219464603554,0.17857142857142858,-0.2674273970172501,0.14915966386554622,-0.0118506997892854,0.6050420168067226,
29,AMCR,11.09000015258789,,-0.025457574619861,0.6638655462184875,-0.0193036484692563,0.7731092436974789,-0.0545609817788049,0.31512605042016806,
30,AMD,67.94000244140625,,-0.3617660461330041,0.11974789915966387,-0.3449672036077355,0.05882352941176471,-0.1369410392801387,0.046218487394957986,
31,AME,121.08000183105467,,-0.0289042701244994,0.657563025210084,-0.0815573814607465,0.6449579831932774,0.014897447075549,0.7710084033613446,
32,AMGN,233.82000732421875,,0.1551578022762679,0.8571428571428572,-0.0561165397910064,0.703781512605042,-0.0346791918675228,0.4369747899159664,
33,AMP,276.2799987792969,,0.0163778741860152,0.7268907563025211,-0.036120373919339,0.7415966386554622,0.0290141488631352,0.8256302521008404,
34,AMT,214.13999938964844,,-0.1821306536857004,0.37815126050420167,-0.185009113992621,0.34663865546218486,-0.1575261406872638,0.029411764705882356,
35,AMZN,120.9499969482422,,-0.2675091205826084,0.22478991596638656,-0.2334481723194042,0.22058823529411764,-0.0409166888996575,0.4012605042016807,
36,ANET,121.3499984741211,,0.333077008693973,0.9327731092436974,-0.0863575381538635,0.6365546218487395,0.0323266297210568,0.8487394957983193,
37,ANSS,233.83999633789065,,-0.3294141204209957,0.1407563025210084,-0.2483687205550627,0.18277310924369747,-0.0307551949676226,0.4600840336134454,
38,AON,282.7799987792969,,-0.0288771222566781,0.6596638655462185,-0.1489347143425281,0.4663865546218487,0.005511459419045,0.7142857142857143,
39,AOS,51.5,,-0.1897376655464985,0.36554621848739494,-0.1793671291955462,0.3697478991596639,-0.078547136117191,0.2310924369747899,
40,APA,40.52000045776367,,0.7996684309685814,0.995798319327731,-0.0053603600229228,0.796218487394958,0.0713908192682761,0.9474789915966387,
41,APD,242.8000030517578,,-0.0546293106756904,0.6113445378151261,-0.0207692075261022,0.7668067226890756,-0.0067468457219738,0.634453781512605,
42,APH,71.87999725341797,,-0.0386940379563342,0.6323529411764706,-0.0224474488417946,0.7626050420168068,-0.0101866739171727,0.615546218487395,
43,APTV,87.0999984741211,,-0.4714806015703405,0.04411764705882353,-0.209762316190569,0.2878151260504202,-0.0203577225670461,0.523109243697479,
44,ARE,141.35000610351562,,-0.2554595664560508,0.2457983193277311,-0.2939937774602548,0.1092436974789916,-0.0663454608291517,0.2710084033613445,
45,ATO,104.11000061035156,,0.1898443478254803,0.8781512605042018,-0.1282780907868274,0.5315126050420168,-0.0884335746001615,0.18907563025210083,
46,ATVI,74.11000061035156,,-0.0363170355805141,0.6428571428571429,-0.0693981385368437,0.6785714285714286,-0.0355283167314893,0.43067226890756305,
47,AVB,182.509994506836,,-0.168686399441981,0.41596638655462187,-0.2557251754021292,0.16596638655462187,-0.1112821778231412,0.1134453781512605,
48,AVGO,484.7999877929688,,0.0111469187531455,0.7184873949579833,-0.1826249520460094,0.35294117647058826,-0.0187372276498233,0.5294117647058824,
49,AVY,171.85000610351562,,-0.1819324600974269,0.38025210084033617,-0.0025534943425823,0.8067226890756303,-0.0636407821798493,0.27941176470588236,
50,AWK,133.39999389648438,,-0.2139925035985064,0.32352941176470584,-0.2137709702994801,0.27521008403361347,-0.1011993293205932,0.14495798319327732,
51,AXP,144.3699951171875,,-0.1641151890501174,0.4285714285714286,-0.205492190691642,0.3067226890756303,-0.0284657524400199,0.4684873949579832,
52,AZO,2245.449951171875,,0.3336164214090565,0.9348739495798319,0.0416868976091754,0.8823529411764706,0.0537763334865948,0.9117647058823529,
53,BA,132.11000061035156,,-0.4166813709706922,0.07983193277310924,-0.2576838809675565,0.16176470588235292,-0.133079590921466,0.052521008403361345,
54,BAC,31.920000076293945,,-0.2604333758785276,0.2373949579831933,-0.1796044713890807,0.36764705882352944,-0.0344827964199079,0.4432773109243698,
55,BAX,57.709999084472656,,-0.2722888661566963,0.21638655462184875,-0.2535637261988581,0.17016806722689076,0.0557994739402647,0.9180672268907563,
56,BBY,67.9000015258789,,-0.3431104678197688,0.13025210084033614,-0.2443127026659157,0.19327731092436973,-0.0370862578023558,0.41806722689075626,
57,BDX,236.8300018310547,,0.0178557855910192,0.7289915966386554,-0.1282809744091016,0.5294117647058824,-0.0572924356980673,0.31092436974789917,
58,BEN,23.31999969482422,,-0.2019587863508694,0.34663865546218486,-0.0933961543623613,0.6176470588235294,-0.0884883897863012,0.1869747899159664,
59,BIIB,261.69000244140625,,-0.0906278888276517,0.5441176470588236,0.2364865015880633,0.9894957983193278,0.3441368285983984,1.0,
60,BIO,456.010009765625,,-0.3765585581270491,0.1092436974789916,-0.2356519805121265,0.2142857142857143,-0.0458245145083174,0.36344537815126055,
61,BK,41.36000061035156,,-0.2199690887705387,0.31092436974789917,-0.1196516566033823,0.5546218487394958,0.005347623334153,0.7100840336134453,
62,BKNG,1726.7099609375,,-0.3006440012403807,0.17436974789915968,-0.2198129409757043,0.25210084033613445,-0.0485660059146105,0.35084033613445376,
63,BKR,23.709999084472656,,-0.0179525178831947,0.6785714285714286,-0.3354045734873062,0.07142857142857144,-0.0474086112539855,0.35504201680672265,
64,BLK,583.1500244140625,,-0.2896056629722827,0.18907563025210083,-0.2098798164013989,0.28571428571428575,-0.1186161145800065,0.08403361344537816,
65,BMY,71.44999694824219,,0.2389823459686876,0.8991596638655462,-0.0687767817208832,0.680672268907563,0.0407865311016456,0.8802521008403361,
66,BR,150.57000732421875,,-0.0931787398273008,0.5378151260504201,-0.0435593498795454,0.7310924369747899,-0.0991799303864675,0.15126050420168066,
67,BSX,41.29999923706055,,-0.0531866059521697,0.6134453781512605,-0.0814056922139957,0.6491596638655462,0.0227835102677042,0.8004201680672268,
68,BWA,34.16999816894531,,-0.2411231343046492,0.27521008403361347,-0.0514585630351089,0.7100840336134453,-0.0622941971271057,0.28571428571428575,
69,BXP,74.5,,-0.3168492438433722,0.15126050420168066,-0.3766062109910612,0.04411764705882353,-0.0686564727082979,0.2668067226890756,
70,C,43.84000015258789,,-0.3710021663888669,0.1134453781512605,-0.1059695573284806,0.5819327731092437,-0.0908336988227759,0.18067226890756302,
71,CAG,33.79999923706055,,0.0247789121330782,0.7331932773109244,-0.0001242443775187,0.8151260504201681,-0.0011820601461872,0.676470588235294,
72,CAH,69.38999938964844,,0.4660322570791804,0.9642857142857143,0.1881650215624764,0.9768907563025211,0.005631483055242,0.7163865546218487,
73,CARR,38.20000076293945,,-0.2744828066881841,0.20798319327731093,-0.1186119417908461,0.5588235294117647,-0.0521091442649433,0.32563025210084034,
74,CAT,178.3800048828125,,-0.0683985968178174,0.592436974789916,-0.1640396473471302,0.43067226890756305,-0.0126203848836468,0.5945378151260504,
75,CB,190.6300048828125,,0.0867207872951785,0.8046218487394958,-0.095620584110333,0.6113445378151261,0.0053681586999185,0.7121848739495799,
76,CBOE,119.7699966430664,,-0.0419166898937713,0.6260504201680672,0.0155163147683443,0.8361344537815125,-0.0141575541274748,0.5882352941176471,
77,CBRE,72.94000244140625,,-0.2605433607792501,0.23529411764705885,-0.1593868242101088,0.4432773109243698,-0.0521116915642391,0.32352941176470584,
78,CCI,145.77000427246094,,-0.1278914118257412,0.48739495798319327,-0.2450561131542244,0.19117647058823528,-0.1310755555943636,0.05882352941176471,
79,CCL,7.429999828338623,,-0.6966108657501476,0.0021008403361344537,-0.6035218826528675,0.0021008403361344537,-0.2129237120117609,0.0063025210084033615,
80,CDNS,169.6999969482422,,0.1146141014662869,0.819327731092437,0.0402745777525683,0.8781512605042018,0.011202416529463,0.7563025210084033,
81,CDW,166.5500030517578,,-0.0507878402286383,0.6176470588235294,-0.0552610218325598,0.7058823529411765,-0.0166498916379995,0.5525210084033614,
82,CE,94.76000213623048,,-0.3964177966313376,0.09243697478991597,-0.3212603555152671,0.08403361344537816,-0.1088121837259772,0.12394957983193278,
83,CF,102.5500030517578,,0.7188837859287031,0.9873949579831932,-0.0174745151746713,0.7752100840336135,-0.0035949778835027,0.6638655462184875,
84,CFG,36.11000061035156,,-0.2300532690416428,0.28571428571428575,-0.1145513349611735,0.5672268907563025,0.0112013871782156,0.754201680672269,
85,CHD,72.51000213623047,,-0.1163340889656391,0.5168067226890757,-0.2948684485820996,0.10504201680672269,-0.0962233690351198,0.16386554621848737,
86,CHRW,99.63999938964844,,0.1408155319859087,0.8319327731092437,-0.0023747427833042,0.8109243697478992,-0.1174490873075056,0.09033613445378151,
87,CHTR,329.2799987792969,,-0.5561965181457323,0.018907563025210083,-0.403996505900684,0.03571428571428572,-0.1705793481629801,0.01680672268907563,
88,CI,294.0299987792969,,0.4623856445776517,0.9600840336134453,0.1620134889579305,0.9642857142857143,0.0307800132490688,0.8319327731092437,
89,CINF,96.63999938964844,,-0.1676369837921544,0.41806722689075626,-0.2854601485512948,0.11974789915966387,0.0009267431946247,0.6827731092436974,
90,CL,71.11000061035156,,-0.0370121715979791,0.634453781512605,-0.1051567307588914,0.5840336134453782,-0.0856370878255479,0.19747899159663868,
91,CLX,131.69000244140625,,-0.1783290914216464,0.39285714285714285,-0.0847770696381595,0.6386554621848739,-0.0772195624274336,0.23319327731092435,
92,CMA,75.70999908447266,,-0.06961206134781,0.5861344537815126,-0.1265978257406411,0.5336134453781513,-0.0455969565161358,0.36764705882352944,
93,CMCSA,30.739999771118164,,-0.4502735088843828,0.05882352941176471,-0.3378024489530272,0.06722689075630252,-0.1072718132073325,0.13445378151260504,
94,CME,180.8699951171875,,-0.0753340686874864,0.5714285714285715,-0.2521785783142503,0.17436974789915968,-0.0820716573663164,0.2142857142857143,
95,CMG,1519.780029296875,,-0.1770159296839268,0.40336134453781514,-0.0158075839343608,0.7794117647058824,-0.0702320656340971,0.2605042016806723,
96,CMI,224.3600006103516,,-0.0188026724370743,0.6743697478991596,0.1601451951162933,0.9621848739495799,0.0561099511954346,0.9201680672268908,
97,CMS,58.52999877929688,,-0.0064983359499434,0.6974789915966387,-0.1802481061324497,0.35924369747899165,-0.1312157281711503,0.05672268907563025,
98,CNC,80.80999755859375,,0.2632483354157036,0.9096638655462185,-0.0875112941920801,0.6323529411764706,-0.0851353347285575,0.19957983193277312,
99,CNP,28.809999465942383,,0.1536662019333659,0.8529411764705883,-0.0900758102637982,0.6260504201680672,-0.0911672311495896,0.17647058823529413,
100,COF,98.94000244140624,,-0.3996213543410964,0.09033613445378151,-0.2264769036658271,0.23529411764705885,-0.031613935454888,0.453781512605042,
101,COO,277.4599914550781,,-0.331113990811379,0.13655462184873948,-0.3329330505160486,0.07352941176470588,-0.0632048135715747,0.2815126050420168,
102,COP,115.93000030517578,,0.7004363003502891,0.9831932773109244,0.1962483349550792,0.9810924369747899,0.0825465815543478,0.9663865546218487,
103,COST,480.3200073242188,,0.0675096979892128,0.7899159663865547,-0.2074140411931911,0.296218487394958,-0.0743496150986078,0.2415966386554622,
104,COTY,6.860000133514404,,-0.1613692081192424,0.4327731092436975,-0.1948357083404411,0.32352941176470584,-0.0589848875979037,0.3046218487394958,
105,CPB,47.59000015258789,,0.1645430556997246,0.8634453781512604,0.0701912122979789,0.9096638655462185,-0.0174303770211287,0.5462184873949579,
106,CPRT,112.79000091552734,,-0.1993895726412781,0.34873949579831937,-0.0968129132270598,0.6092436974789917,-0.0315129503503029,0.45588235294117646,
107,CRM,156.22999572753906,,-0.4310219121289763,0.06932773109243698,-0.2194744560892828,0.25420168067226895,0.0297257742588293,0.8277310924369747,
108,CSCO,41.9900016784668,,-0.2128678915045517,0.32773109243697474,-0.2172529196144172,0.2605042016806723,-0.0469972226592014,0.35924369747899165,
109,CSX,27.81999969482422,,-0.1251990400137226,0.4957983193277311,-0.1941874640412512,0.33193277310924374,-0.1165449381698623,0.09663865546218486,
110,CTAS,411.9400024414063,,0.038119191921367,0.7521008403361344,-0.0463404588123667,0.7247899159663865,-0.0041339090542959,0.6596638655462185,
111,CTSH,60.630001068115234,,-0.1832228351985739,0.3760504201680672,-0.3041402753266017,0.10084033613445378,-0.0255544860397532,0.4810924369747899,
112,CTVA,61.52000045776367,,0.463517333185957,0.9621848739495799,0.0571971134441516,0.8949579831932774,0.0198939119530933,0.7941176470588235,
113,CVS,100.4499969482422,,0.2196423623755073,0.8949579831932774,-0.0198070537032742,0.7710084033613446,0.0174211843697643,0.7836134453781513,
114,CVX,158.52999877929688,,0.5600255083616164,0.9705882352941176,-0.0347908956486807,0.7436974789915967,0.008974056173167,0.7394957983193278,
115,D,69.01000213623047,,-0.0336921755517239,0.6449579831932774,-0.1998871473198948,0.3172268907563025,-0.1532515075309145,0.031512605042016806,
116,DAL,30.520000457763672,,-0.3012820456837941,0.17016806722689076,-0.1780231731807783,0.3760504201680672,-0.0214812460667432,0.5126050420168068,
117,DD,54.459999084472656,,-0.2133349893508668,0.32563025210084034,-0.2105341798622528,0.28361344537815125,0.0038709508658554,0.7016806722689075,
118,DE,355.7699890136719,,0.0469727576613829,0.7710084033613446,-0.1250782676358006,0.5441176470588236,-0.0114218587238534,0.6113445378151261,
119,DFS,96.68000030517578,,-0.2252606636056247,0.29831932773109243,-0.1040724765691177,0.5861344537815126,-0.0083085196055253,0.6239495798319328,
120,DG,242.6999969482422,,0.1612869899697857,0.8613445378151261,0.0087472056735861,0.8277310924369747,0.0143771574648739,0.7689075630252101,
121,DGX,127.76000213623048,,-0.0921380386408006,0.542016806722689,-0.0642044035890898,0.6890756302521008,0.0245752304853268,0.8109243697478992,
122,DHI,72.80999755859375,,-0.126594948751236,0.4915966386554622,0.0408191532452881,0.8802521008403361,0.0402914670795267,0.8760504201680672,
123,DHR,282.2900085449219,,-0.0638966542636562,0.5987394957983194,-0.0561207444929452,0.7016806722689075,0.0369763552352453,0.8634453781512604,
124,DIS,100.8000030517578,,-0.4327837530609236,0.06722689075630252,-0.2356107774010232,0.21638655462184875,-0.0843854445922567,0.20378151260504201,
125,DISH,15.039999961853027,,-0.668137686162194,0.004201680672268907,-0.505100353276874,0.01050420168067227,-0.0972388895796254,0.15966386554621848,
126,DLR,99.0,,-0.2860003638192837,0.19117647058823528,-0.3184579064720859,0.09033613445378151,-0.1616481050048649,0.025210084033613446,
127,DLTR,142.75999450683594,,0.4525844147335192,0.957983193277311,-0.0999306855968903,0.6029411764705883,0.0321740801590064,0.8445378151260505,
128,DOV,124.08000183105467,,-0.2126742899556295,0.32983193277310924,-0.1902896780319626,0.338235294117647,-0.0329670002963518,0.4474789915966387,
129,DOW,46.060001373291016,,-0.1742867387037228,0.4096638655462185,-0.2300993285660059,0.22899159663865545,-0.0520683015301889,0.32773109243697474,
130,DPZ,335.1300048828125,,-0.2983054984559135,0.17647058823529413,-0.1515857327548443,0.4579831932773109,-0.0732821330222428,0.2457983193277311,
131,DRI,133.10000610351562,,-0.1227500388700276,0.5063025210084033,0.0674157516487393,0.9054621848739495,0.080269516212417,0.9600840336134453,
132,DTE,116.11000061035156,,0.0383857841275295,0.754201680672269,-0.1360923468171342,0.5021008403361344,-0.1089772585827003,0.12184873949579832,
133,DUK,94.0199966430664,,-0.0328347078555311,0.6491596638655462,-0.1664244641251859,0.42436974789915966,-0.1193331326174689,0.08193277310924368,
134,DVA,89.26000213623047,,-0.2202323649483211,0.3088235294117647,-0.2451585443024907,0.18907563025210083,0.0113301606140512,0.7584033613445378,
135,DVN,70.87999725341797,,0.9890506100449338,0.9978991596638656,0.2238670853463239,0.9831932773109244,0.0427235264645564,0.884453781512605,
136,DXC,27.309999465942383,,-0.2118326619539836,0.33193277310924374,-0.1019401643217547,0.592436974789916,0.0344696916879262,0.8529411764705883,
137,DXCM,91.08000183105467,,-0.3243198025285912,0.14705882352941177,-0.2891594602344992,0.11764705882352942,0.1103255295188654,0.9873949579831932,
138,EA,122.66999816894533,,-0.1035067975482124,0.5273109243697479,-0.0031066962644065,0.8025210084033614,-0.0165157150047793,0.5567226890756303,
139,EBAY,39.119998931884766,,-0.4639660189805381,0.046218487394957986,-0.273767000759795,0.13445378151260504,-0.0910781110654757,0.17857142857142858,
140,ECL,151.32000732421875,,-0.2924098352877212,0.18067226890756302,-0.1703263725549416,0.4012605042016807,-0.0688146446007086,0.2647058823529412,
141,ED,86.30000305175781,,0.2024326921819701,0.8886554621848739,-0.100919379636332,0.5945378151260504,-0.1171355186520939,0.09243697478991597,
142,EFX,179.97999572753906,,-0.3010009262568024,0.1722689075630252,-0.1948140487405283,0.32563025210084034,-0.0394919893395317,0.41386554621848737,
143,EIX,60.09000015258789,,0.0982004823449384,0.8088235294117648,-0.1305087022912898,0.5189075630252101,-0.0772128608567476,0.23529411764705885,
144,EL,226.2400054931641,,-0.2750506105041805,0.2058823529411765,-0.1486367843706504,0.4684873949579832,-0.0808855937314921,0.2184873949579832,
145,EMN,76.58000183105469,,-0.2478153096409939,0.2605042016806723,-0.2718446024410613,0.1407563025210084,-0.1382887120432584,0.04411764705882353,
146,EMR,79.7699966430664,,-0.1617217698395314,0.43067226890756305,-0.1579698494372459,0.4474789915966387,-0.0213471408116997,0.5147058823529411,
147,EOG,126.08000183105467,,0.5968824109993991,0.9747899159663865,0.0874313304544519,0.9264705882352942,0.0609068357520657,0.9264705882352942,
148,EQIX,578.4099731445312,,-0.2323885045252347,0.2815126050420168,-0.2311568017861605,0.22478991596638656,-0.0845626288933408,0.20168067226890757,
149,EQR,66.52999877929688,,-0.1789638521592235,0.38865546218487396,-0.2611598481010084,0.15756302521008403,-0.103849966893641,0.1407563025210084,
150,ES,78.9000015258789,,-0.05654285122076,0.6071428571428572,-0.1312859681039166,0.5147058823529411,-0.1085106801161552,0.12605042016806722,
151,ESS,236.3500061035156,,-0.2606884068174179,0.23319327731092435,-0.316183676332654,0.09243697478991597,-0.1159678029302086,0.10084033613445378,
152,ETN,144.5,,-0.0412627615457554,0.6281512605042017,0.0017729461117472,0.819327731092437,0.0436226563141419,0.8886554621848739,
153,ETR,104.91000366210938,,0.0512336707567705,0.7752100840336135,-0.1322896946416281,0.5126050420168068,-0.0927094512318836,0.17436974789915968,
154,EVRG,60.15999984741211,,-0.0069952301642666,0.6953781512605042,-0.1333061592450666,0.5084033613445379,-0.1155542073443413,0.10294117647058824,
155,EW,87.44000244140625,,-0.2114708005889956,0.33403361344537813,-0.2933570070231248,0.11134453781512604,-0.0181899299528015,0.5399159663865547,
156,EXC,38.70000076293945,,0.1476452677295545,0.8466386554621849,-0.2149725750384138,0.27310924369747897,-0.1182501412367997,0.0861344537815126,
157,EXPD,90.7699966430664,,-0.2054842227506793,0.34243697478991597,-0.0654628931410437,0.6869747899159664,-0.0976240188123476,0.15546218487394958,
158,EXPE,98.98999786376952,,-0.4254788385927447,0.07352941176470588,-0.4560391241464934,0.014705882352941178,-0.0184432388546724,0.5378151260504201,
159,EXR,178.11000061035156,,0.0651921154763448,0.7857142857142857,-0.1507374449912928,0.4600840336134454,-0.113477198839318,0.1092436974789916,
160,F,12.510000228881836,,-0.1370990823811188,0.4642857142857143,-0.149810721740997,0.4642857142857143,-0.1676646406427574,0.02100840336134454,
161,FANG,139.3699951171875,,0.4017299112024342,0.9495798319327732,0.0665866374108355,0.9033613445378151,0.0399970213421518,0.8739495798319328,
162,FAST,48.130001068115234,,-0.0663929258032323,0.5966386554621849,-0.1703962697065546,0.39705882352941174,-0.0431411173331883,0.38655462184873945,
163,FBHS,58.16999816894531,,-0.3816504270443238,0.10084033613445378,-0.1844507722489889,0.35084033613445376,-0.0279077870886395,0.4747899159663866,
164,FCX,30.51000022888184,,-0.0982615350566302,0.5315126050420168,-0.3650934643873047,0.05042016806722689,0.0849928633826311,0.9726890756302521,
165,FDX,156.8699951171875,,-0.2843391497622488,0.19537815126050423,-0.2220170767348217,0.2415966386554622,-0.231669704050339,0.0021008403361344537,
166,FE,37.77000045776367,,0.0770527513517306,0.796218487394958,-0.1893110037762964,0.3403361344537815,-0.0490936732882843,0.3445378151260504,
167,FFIV,156.27999877929688,,-0.2281706732669521,0.2878151260504202,-0.269446521517482,0.14495798319327732,0.0081930476580007,0.7310924369747899,
168,FIS,79.5999984741211,,-0.3313237363954526,0.13445378151260504,-0.2081529951973836,0.2920168067226891,-0.1047868146565937,0.13865546218487396,
169,FISV,100.5500030517578,,-0.0797180936680984,0.5651260504201681,-0.0023811673934865,0.8088235294117648,-0.0346582227671789,0.4390756302521009,
170,FITB,34.099998474121094,,-0.1968837063464183,0.35504201680672265,-0.1407374725265746,0.4915966386554622,0.0354481707172281,0.8571428571428572,
171,FLS,26.82999992370605,,-0.2227561084824759,0.3025210084033613,-0.2557536758500795,0.16386554621848737,-0.0992874927227877,0.14915966386554622,
172,FLT,187.0500030517578,,-0.290886329830256,0.1869747899159664,-0.2507810610108303,0.17857142857142858,-0.1051951346184517,0.13655462184873948,
173,FMC,112.04000091552734,,0.2702845101016863,0.9159663865546218,-0.1669976295239137,0.41806722689075626,0.0719850858128568,0.9495798319327732,
174,FOX,29.25,,-0.2361381207395393,0.2773109243697479,-0.1655169238936562,0.42647058823529416,-0.0425531675785936,0.39075630252100846,
175,FOXA,31.540000915527344,,-0.2418795688371153,0.2710084033613445,-0.173049527780331,0.38865546218487396,-0.0433727707682894,0.38235294117647056,
176,FRC,140.61000061035156,,-0.3030442652674433,0.16596638655462187,-0.1007213635908076,0.5966386554621849,-0.0509584426642982,0.33403361344537813,
177,FRT,93.05999755859376,,-0.2044172286213497,0.3445378151260504,-0.2052833428664114,0.3088235294117647,-0.087937565361972,0.19117647058823528,
178,FTI,9.260000228881836,,0.1887035011845027,0.8739495798319328,0.2297476720943567,0.9852941176470589,0.1036948569676136,0.9852941176470589,
179,FTNT,53.59000015258789,,-0.1345843237281082,0.4726890756302521,-0.2075298752325942,0.29411764705882354,0.0793554583206881,0.957983193277311,
180,FTV,61.900001525878906,,-0.1296932735533758,0.4852941176470588,0.0383428965970906,0.8760504201680672,-0.0185507876106954,0.5357142857142857,
181,GD,226.67999267578125,,0.1425354000085215,0.8361344537815125,-0.064118736852291,0.6911764705882354,0.0094855916057702,0.7436974789915967,
182,GE,67.44000244140625,,-0.3581245013199862,0.12184873949579832,-0.2443068008913584,0.19537815126050423,-0.0642504885970727,0.27521008403361347,
183,GILD,65.44999694824219,,0.0062086186412915,0.7121848739495799,0.0988582260765398,0.9411764705882354,0.044206461590914,0.8928571428571429,
184,GIS,77.69000244140625,,0.295045061801522,0.9243697478991596,0.1217827461544757,0.9516806722689075,0.0317396984433806,0.8403361344537815,
185,GL,106.5199966430664,,0.1412559809150212,0.8340336134453782,0.0517024021390512,0.8886554621848739,0.0927368996186007,0.9810924369747899,
186,GLW,31.31999969482422,,-0.1275647811322302,0.4894957983193277,-0.0755031733886881,0.6638655462184875,-0.044830777055789,0.37184873949579833,
187,GM,34.84000015258789,,-0.3812979179097481,0.10294117647058824,-0.0981523329246936,0.6050420168067226,-0.0999741416536767,0.14705882352941177,
188,GOOG,102.22000122070312,,-0.2655844149437257,0.22899159663865545,-0.2509434363109208,0.17647058823529413,-0.0489393558982536,0.34873949579831937,
189,GOOGL,101.43000030517578,,-0.2714670794859851,0.2184873949579832,-0.2535792410810784,0.16806722689075632,-0.0503697909970142,0.338235294117647,
190,GPC,157.50999450683594,,0.2892811833448188,0.9222689075630253,0.2342852476154314,0.9873949579831932,0.0007624062370724,0.680672268907563,
191,GPN,117.20999908447266,,-0.2611353093079754,0.2310924369747899,-0.1259049783924905,0.5357142857142857,-0.0704374531148102,0.2563025210084034,
192,GPS,9.720000267028809,,-0.5664617912981663,0.01680672268907563,-0.2371014559143662,0.21008403361344538,0.0834984547737344,0.9684873949579833,
193,GRMN,83.1500015258789,,-0.4545426017968312,0.052521008403361345,-0.2676628056470662,0.14705882352941177,-0.0450026493537583,0.3697478991596639,
194,GS,309.0,,-0.189112710020344,0.36764705882352944,-0.0028981533947391,0.8046218487394958,-0.0535697594337259,0.31932773109243695,
195,GWW,518.760009765625,,0.2632975171596509,0.9117647058823529,0.0016239306569824,0.8172268907563026,-0.0759529974957539,0.2373949579831933,
196,HAL,29.239999771118164,,0.2662746795714475,0.9138655462184875,-0.2200579297295245,0.25,-0.0094851179642129,0.6176470588235294,
197,HAS,68.29000091552734,,-0.2110897554035536,0.33613445378151263,-0.1800569944631516,0.36134453781512604,-0.1203142685603971,0.07352941176470588,
198,HBAN,13.720000267028809,,-0.1026106664507578,0.5294117647058824,0.0140334727414146,0.8340336134453782,0.0532095282159705,0.907563025210084,
199,HBI,7.820000171661377,,-0.5207082307563805,0.025210084033613446,-0.4342590962291504,0.0273109243697479,-0.0712588953914425,0.25420168067226895,
200,HCA,202.5399932861328,,-0.1557200157665713,0.4411764705882353,-0.1999328177146173,0.31512605042016806,0.0118318130059002,0.7647058823529411,
201,HD,289.8500061035156,,-0.1212014638430543,0.5084033613445379,-0.0302769515643103,0.75,0.0010706553479487,0.6848739495798319,
202,HES,126.91000366210938,,0.538010220332876,0.9684873949579833,0.1803105555333226,0.9747899159663865,0.0657404046768841,0.9348739495798319,
203,HIG,65.76000213623047,,-0.0714585121846565,0.5819327731092437,-0.0820743748835859,0.6428571428571429,0.0116923405573918,0.7605042016806723,
204,HII,233.009994506836,,0.175650669096207,0.8676470588235294,0.1327087659343165,0.957983193277311,0.0171555467276432,0.7794117647058824,
205,HLT,125.91999816894533,,-0.1060030220618313,0.5252100840336135,-0.132905832840015,0.5105042016806722,-0.0074880157410756,0.6323529411764706,
206,HOLX,66.23999786376953,,-0.0764082998279663,0.569327731092437,-0.166477955879117,0.42226890756302526,-0.0188120905387939,0.5273109243697479,
207,HON,177.80999755859375,,-0.1693726369656447,0.41386554621848737,-0.0679054966347526,0.6827731092436974,-0.0419720274178068,0.39495798319327735,
208,HPE,12.949999809265137,,-0.0944223488044012,0.5357142857142857,-0.1765581639152121,0.38235294117647056,-0.0062834606739796,0.6407563025210083,
209,HPQ,26.780000686645508,,-0.0172022107788453,0.680672268907563,-0.3212955140950586,0.08193277310924368,-0.0114559846749423,0.6092436974789917,
210,HRB,41.02000045776367,,0.6737830138796166,0.9789915966386554,0.5652042088323297,1.0,-0.0702628864272428,0.25840336134453784,
211,HRL,46.310001373291016,,0.1443556591874076,0.8403361344537815,-0.1154943277094335,0.5630252100840336,-0.0051557007025353,0.6470588235294117,
212,HSIC,69.91000366210938,,-0.1229456220665331,0.5021008403361344,-0.2190571237300854,0.2563025210084034,-0.0150746639084188,0.5756302521008404,
213,HST,16.729999542236328,,0.0285824918107068,0.7394957983193278,-0.0576540712749628,0.6995798319327732,-0.0086946930083854,0.6218487394957983,
214,HSY,225.08999633789065,,0.2876029606798133,0.9201680672268908,0.0196735537295767,0.8466386554621849,0.0105050340646043,0.7521008403361344,
215,HUM,504.7099914550781,,0.2579828521369337,0.9054621848739495,0.1065996100684193,0.9453781512605042,0.0541919338558716,0.9159663865546218,
216,HWM,33.33000183105469,,0.0394713736888916,0.7584033613445378,-0.0306167111291586,0.7478991596638656,-0.0403109049707604,0.40336134453781514,
217,IBM,125.73999786376952,,-0.0251685948592808,0.6659663865546218,0.002479527505365,0.8214285714285714,-0.0077336122750406,0.6281512605042017,
218,ICE,93.41000366210938,,-0.2512432967165224,0.25210084033613445,-0.2752057565663676,0.1323529411764706,-0.0614872234042324,0.28991596638655465,
219,IDXX,350.1199951171875,,-0.4380186680324737,0.06512605042016807,-0.3648732196880282,0.052521008403361345,0.024551499315625,0.8088235294117648,
220,IEX,208.8600006103516,,-0.0118986387973963,0.6890756302521008,0.0579236597018999,0.8970588235294117,0.0394665217918267,0.8718487394957983,
221,IFF,92.5999984741211,,-0.311955208288691,0.15966386554621848,-0.2533397960026721,0.1722689075630252,-0.1491596164439566,0.03571428571428572,
222,ILMN,218.5200042724609,,-0.4591758176603919,0.04831932773109243,-0.4061956405639648,0.03361344537815126,0.087056012476652,0.9747899159663865,
223,INCY,69.5,,0.0586443013653768,0.7836134453781513,-0.1542954521548862,0.453781512605042,0.0056431686616136,0.7184873949579833,
224,INTC,27.63999938964844,,-0.4730293803179092,0.037815126050420166,-0.4083320329255892,0.031512605042016806,-0.0895916062589179,0.18487394957983194,
225,INTU,413.5799865722656,,-0.2276474533352148,0.2920168067226891,-0.1619653715712219,0.4369747899159664,-0.01236990895157,0.6008403361344538,
226,IP,32.869998931884766,,-0.3697369354608658,0.11554621848739495,-0.2607869619044196,0.15966386554621848,-0.1849740282785112,0.012605042016806723,
227,IPG,27.239999771118164,,-0.2519814763660567,0.25,-0.1852523864915422,0.3445378151260504,0.0088888804117838,0.7373949579831932,
228,IPGP,90.20999908447266,,-0.4299166079821091,0.07142857142857144,-0.1071852903100121,0.5756302521008404,0.0196676595429089,0.792016806722689,
229,IQV,192.4900054931641,,-0.2105241583509544,0.338235294117647,-0.2278160845805063,0.23319327731092435,-0.0818944856865341,0.21638655462184875,
230,IR,46.93999862670898,,-0.0905945977425532,0.5462184873949579,-0.0161446906362537,0.7773109243697479,-0.0153136054180066,0.5735294117647058,
231,IRM,47.04999923706055,,0.1241946941920636,0.823529411764706,-0.1337913971003418,0.5063025210084033,-0.0800767241986278,0.22478991596638656,
232,ISRG,201.3800048828125,,-0.4047998845466086,0.0861344537815126,-0.3099170727554856,0.09453781512605042,-0.0045476923137264,0.6554621848739495,
233,IT,299.7799987792969,,-0.0180805412197235,0.676470588235294,0.0170653054429071,0.8382352941176471,0.032229133388879,0.8466386554621849,
234,ITW,192.8099975585937,,-0.0822985161279405,0.5609243697478992,-0.0461976820090301,0.7268907563025211,-0.0171624827871152,0.5483193277310925,
235,IVZ,15.25,,-0.3777637278864997,0.10504201680672269,-0.2705658416390781,0.14285714285714288,-0.0718198589931892,0.25210084033613445,
236,J,114.4800033569336,,-0.1433535916226205,0.45588235294117646,-0.1985029407570065,0.32142857142857145,-0.043292126903884,0.38445378151260506,
237,JBHT,166.49000549316406,,-0.0300007449846442,0.6554621848739495,-0.0308926107030292,0.745798319327731,-0.0043059696895724,0.657563025210084,
238,JCI,53.34000015258789,,-0.2227205723026753,0.3046218487394958,-0.1740707413442811,0.38655462184873945,-0.0233342790731526,0.5021008403361344,
239,JKHY,188.0599975585937,,0.1544433663132813,0.8550420168067226,-0.0719570443826922,0.6743697478991596,-0.0302481806776987,0.4621848739495798,
240,JNJ,165.11000061035156,,0.0503540801090594,0.7731092436974789,-0.0796242302203164,0.6512605042016807,0.0118274789876048,0.7626050420168068,
241,JNPR,27.57999992370605,,-0.0108291293743092,0.6911764705882354,-0.2165301884723299,0.26260504201680673,-0.0064841607958096,0.6365546218487395,
242,JPM,110.38999938964844,,-0.3305058473351898,0.13865546218487396,-0.1428570243775348,0.4810924369747899,-0.0207696585439737,0.5189075630252101,
243,K,71.88999938964844,,0.1790228569448022,0.8718487394957983,0.0884916098119853,0.9285714285714286,-0.0052580222923592,0.6449579831932774,
244,KEY,16.889999389648438,,-0.2280841594498066,0.28991596638655465,-0.16838512176722,0.4096638655462185,-0.0248268078956305,0.4831932773109244,
245,KEYS,168.7100067138672,,0.0335723281857782,0.745798319327731,0.1149220099652028,0.9495798319327732,0.0316761938068705,0.8382352941176471,
246,KHC,33.88999938964844,,-0.0466584768272184,0.6218487394957983,-0.1419265531179033,0.48739495798319327,-0.0945765665686579,0.16596638655462187,
247,KIM,19.299999237060547,,-0.0843236882322237,0.5546218487394958,-0.1815224289572141,0.35714285714285715,-0.0842079979089866,0.2058823529411765,
248,KLAC,329.04998779296875,,0.0089247316255029,0.7142857142857143,-0.0616747901142945,0.6953781512605042,-0.0046282256683509,0.6512605042016807,
249,KMB,114.58000183105467,,-0.112134857898231,0.5189075630252101,-0.0791135318876736,0.6533613445378151,-0.0801644213071522,0.2226890756302521,
250,KMI,17.700000762939453,,0.1113304256394411,0.8172268907563026,-0.0531029382293891,0.707983193277311,-0.0039392061351149,0.6617647058823529,
251,KMX,66.70999908447266,,-0.4921203198734595,0.03361344537815126,-0.3269774290157288,0.07563025210084033,-0.2163749414217883,0.004201680672268907,
252,KO,56.2400016784668,,0.0753893267949647,0.7941176470588235,-0.1005780089393266,0.6008403361344538,-0.0740432336945991,0.24369747899159663,
253,KR,44.59999847412109,,0.1506880189249616,0.8508403361344539,-0.2481445605210786,0.18487394957983194,-0.0807914663367514,0.22058823529411764,
254,KSS,27.61000061035156,,-0.3857059645150746,0.09873949579831934,-0.5100730612801614,0.008403361344537815,-0.0240367721162763,0.4936974789915966,
255,L,52.79999923706055,,-0.0686453048797802,0.5903361344537815,-0.1675748673963986,0.41596638655462187,-0.0457256914922808,0.36554621848739494,
256,LDOS,92.4800033569336,,-0.0368799539858692,0.6386554621848739,-0.1378012084614494,0.4978991596638655,-0.0081158877614504,0.6260504201680672,
257,LEG,35.119998931884766,,-0.1931075330818131,0.35924369747899165,0.0303588020190629,0.8634453781512604,-0.0235607605463479,0.5,
258,LEN,79.8499984741211,,-0.1371880312146028,0.4621848739495798,0.0798391420137024,0.9180672268907563,0.0432453294878686,0.8865546218487396,
259,LH,215.02999877929688,,-0.2257159001300198,0.296218487394958,-0.2046137821958231,0.31092436974789917,-0.0489606679583659,0.34663865546218486,
260,LHX,220.83999633789065,,-0.0245299580054322,0.6680672268907563,-0.1450791770674471,0.476890756302521,-0.0388649857184192,0.41596638655462187,
261,LIN,283.7900085449219,,-0.0368936485236947,0.6365546218487395,-0.1007207400616589,0.5987394957983194,0.024734621373324,0.8151260504201681,
262,LKQ,50.22999954223633,,-0.0145613742428845,0.6848739495798319,0.1287393609775972,0.9558823529411765,-0.0202847845960933,0.5252100840336135,
263,LLY,331.7799987792969,,0.4429540471932535,0.953781512605042,0.0828545941728186,0.9201680672268908,0.0813505992414071,0.9621848739495799,
264,LMT,402.510009765625,,0.1766329297584081,0.8697478991596639,-0.124159591308723,0.5462184873949579,-0.0365503113080783,0.42226890756302526,
265,LNC,48.52999877929688,,-0.3128504655734078,0.15546218487394958,-0.222031175996299,0.23949579831932774,0.0540833582592254,0.9138655462184875,
266,LNT,53.04999923706055,,-0.0363697391275666,0.6407563025210083,-0.1634026706887297,0.4327731092436975,-0.1326030188127072,0.0546218487394958,
267,LOW,199.02999877929688,,-0.0266285535613876,0.6617647058823529,-0.0082358148189009,0.7899159663865547,0.0314572546342757,0.8361344537815125,
268,LRCX,399.9100036621094,,-0.271366717265231,0.22058823529411764,-0.1997264685217422,0.31932773109243695,-0.0592881207321418,0.3025210084033613,
269,LUV,32.9900016784668,,-0.3895262561147041,0.09663865546218486,-0.2217503620317839,0.24369747899159663,-0.1020685854295391,0.14285714285714288,
270,LVS,42.619998931884766,,0.1481681077117622,0.8487394957983193,0.180282420700569,0.9726890756302521,0.2022566435722352,0.9915966386554622,
271,LW,82.1500015258789,,0.4322983557566873,0.9516806722689075,0.2673070074033586,0.9915966386554622,0.0533402202340861,0.9096638655462185,
272,LYB,80.88999938964844,,-0.092825670952945,0.5399159663865547,-0.1339675114088096,0.5042016806722689,0.0039716978532491,0.703781512605042,
273,LYV,80.66999816894531,,-0.1849045450747121,0.3739495798319328,-0.2640270256386912,0.15126050420168066,-0.0928820657582943,0.17016806722689076,
274,MA,304.20001220703125,,-0.1368160337042671,0.4684873949579832,-0.1284043011316811,0.5273109243697479,-0.0613428017431783,0.2920168067226891,
275,MAA,153.50999450683594,,-0.1812206597988184,0.38235294117647056,-0.2804670698691615,0.13025210084033614,-0.0830297404647837,0.20798319327731093,
276,MAR,147.17999267578125,,-0.0635982391089377,0.6008403361344538,-0.1028945581711139,0.5903361344537815,-0.0340618403079597,0.4453781512605042,
277,MAS,49.90999984741211,,-0.1095127975307907,0.5210084033613446,-0.0046367488286975,0.7983193277310925,0.0131953217220222,0.7668067226890756,
278,MCD,239.08999633789065,,-0.015691888294581,0.6827731092436974,-0.0496498309730659,0.7163865546218487,-0.0601438857206129,0.3004201680672269,
279,MCHP,67.38999938964844,,-0.0835289048248945,0.5567226890756303,-0.0034063575487358,0.8004201680672268,0.0570980296415441,0.9222689075630253,
280,MCK,354.3699951171875,,0.7873434582814391,0.9915966386554622,0.1101241213267039,0.9474789915966387,-0.0178214880635496,0.5441176470588236,
281,MCO,261.8599853515625,,-0.2724620853729542,0.2142857142857143,-0.2338296765515644,0.2184873949579832,-0.0904481038449923,0.18277310924369747,
282,MDLZ,57.2400016784668,,-0.0218306955029874,0.6701680672268908,-0.0785467797792141,0.6554621848739495,-0.0396405360150727,0.411764705882353,
283,MDT,85.05000305175781,,-0.3104351264276352,0.16176470588235292,-0.2309427518511931,0.226890756302521,-0.0054523290118432,0.6428571428571429,
284,MET,65.26000213623047,,0.0416555214869424,0.7626050420168068,-0.0471576672104949,0.7226890756302521,0.003228271708236,0.6995798319327732,
285,MGM,33.58000183105469,,-0.2497011903886225,0.2563025210084034,-0.1427808801525754,0.4831932773109244,0.0248092713918031,0.8172268907563026,
286,MHK,98.88999938964844,,-0.4546106585313391,0.05042016806722689,-0.184614112920576,0.34873949579831937,-0.0683938015249157,0.2689075630252101,
287,MKC,73.30999755859375,,-0.0736404196345016,0.5777310924369748,-0.2824055652938639,0.12605042016806722,-0.1081508481715162,0.13025210084033614,
288,MKTX,239.5399932861328,,-0.4244114408657976,0.07563025210084033,-0.1616461360619796,0.4390756302521009,-0.0125319833538425,0.5966386554621849,
289,MLM,334.2900085449219,,-0.0667528120060714,0.5945378151260504,-0.0921937554552003,0.6239495798319328,-0.0155200525726311,0.5714285714285715,
290,MMC,159.22999572753906,,0.027369283901163,0.7352941176470589,-0.077323566474845,0.657563025210084,-0.0144829577929277,0.5798319327731093,
291,MMM,115.16999816894533,,-0.3271679339685487,0.14495798319327732,-0.2162204092033845,0.2647058823529412,-0.0122641537211783,0.6029411764705883,
292,MNST,92.18000030517578,,0.023426230903749,0.7310924369747899,0.1271704778810993,0.953781512605042,0.0405238076045577,0.8781512605042018,
293,MO,42.900001525878906,,-0.002684138203808,0.7016806722689075,-0.1678250614790233,0.411764705882353,-0.0159421016511221,0.5672268907563025,
294,MOS,51.09000015258789,,0.3043013808344218,0.9264705882352942,-0.2820618286351306,0.1281512605042017,-0.0540640299887056,0.3172268907563025,
295,MPC,107.58000183105467,,0.7427480386751496,0.9894957983193278,0.2683755212889918,0.9936974789915967,0.092626476044933,0.9789915966386554,
296,MRK,88.38999938964844,,0.1165571564750404,0.8214285714285714,0.0349284721382892,0.8697478991596639,0.0310410855329201,0.8340336134453782,
297,MRO,27.190000534057617,,0.7936743477568016,0.9936974789915967,0.097535044707062,0.9369747899159664,0.0654388732891225,0.9327731092436974,
298,MS,83.11000061035156,,-0.1316014299160419,0.4789915966386555,0.0179062986339169,0.8403361344537815,-0.0237283766972669,0.4957983193277311,
299,MSCI,447.4800109863281,,-0.258235604367231,0.2415966386554622,-0.1180737435369074,0.5609243697478992,-0.0222862739308745,0.5105042016806722,
300,MSFT,249.1999969482422,,-0.1477461018222806,0.45168067226890757,-0.1694243398016391,0.40756302521008403,-0.0159921147157268,0.5630252100840336,
301,MSI,236.8600006103516,,0.0138328092460209,0.7226890756302521,-0.0113431946436892,0.7878151260504203,-0.0244165834242432,0.48739495798319327,
302,MTB,185.8099975585937,,0.24328636772033,0.9012605042016807,0.1679650029949065,0.9684873949579833,0.037928684639057,0.865546218487395,
303,MTD,1202.469970703125,,-0.1437350342557828,0.453781512605042,-0.1214767017238817,0.5504201680672269,-0.0165533862330328,0.5546218487394958,
304,MU,54.72999954223633,,-0.220716738016526,0.3067226890756303,-0.2506537325141634,0.18067226890756302,-0.0090530509531804,0.6197478991596639,
305,NCLH,13.220000267028809,,-0.5100073946875603,0.031512605042016806,-0.3497294482714946,0.0546218487394958,-0.0075074647212092,0.6302521008403361,
306,NDAQ,59.720001220703125,,-0.0828407913354477,0.5588235294117647,-0.0139729014556761,0.7836134453781513,-0.0116598985399684,0.6071428571428572,
307,NEE,81.7699966430664,,0.0313922581083482,0.7436974789915967,-0.0510500265929825,0.7142857142857143,-0.0640952950380295,0.2773109243697479,
308,NEM,43.900001525878906,,-0.1647098743993331,0.42436974789915966,-0.4464991393604968,0.02100840336134454,0.0665695259626943,0.9390756302521008,
309,NFLX,236.72999572753903,,-0.625338284601482,0.014705882352941178,-0.3463205861734597,0.05672268907563025,0.0839781875962582,0.9705882352941176,
310,NI,26.15999984741211,,0.1006852792835492,0.8130252100840336,-0.1722554347055292,0.39075630252100846,-0.1138211571222348,0.10714285714285715,
311,NKE,91.0999984741211,,-0.3943891783217492,0.09453781512605042,-0.2921006707717029,0.11554621848739495,-0.1336186671219392,0.05042016806722689,
312,NLOK,21.07999992370605,,-0.1642912996165582,0.42647058823529416,-0.2157787404340468,0.2710084033613445,-0.0465852853103621,0.36134453781512604,
313,NLSN,27.89999961853028,,0.4491728670185269,0.9558823529411765,0.0099681957028606,0.8298319327731093,0.0014357145478255,0.6890756302521008,
314,NOC,484.4500122070313,,0.2857051914620105,0.9180672268907563,0.0365080051185329,0.8718487394957983,0.0098178639857711,0.745798319327731,
315,NOV,18.440000534057617,,0.3261247314589021,0.930672268907563,-0.043102720453299,0.7331932773109244,0.0694914316752012,0.9432773109243697,
316,NOW,420.5799865722656,,-0.3407010317287716,0.1323529411764706,-0.2061233657099907,0.29831932773109243,-0.0229749218769994,0.5042016806722689,
317,NRG,41.5,,0.0423074874231082,0.7647058823529411,0.0832298542351154,0.9222689075630253,0.0174062041808482,0.7815126050420169,
318,NSC,221.0200042724609,,-0.1334502670822822,0.476890756302521,-0.1372335372755058,0.5,-0.0787378562848643,0.22899159663865545,
319,NTAP,67.19000244140625,,-0.2482561556423289,0.25840336134453784,-0.1406585469547958,0.4936974789915966,-0.0496463176569232,0.34243697478991597,
320,NTRS,90.41000366210938,,-0.1779629912629146,0.39705882352941174,-0.1940824305750608,0.33403361344537813,-0.0298327839368834,0.4642857142857143,
321,NUE,117.8499984741211,,0.2114479643935429,0.8907563025210083,-0.211751554009603,0.2815126050420168,-0.1193477048748533,0.07983193277310924,
322,NVDA,132.08999633789062,,-0.3727360213276926,0.11134453781512604,-0.4540764298673951,0.01680672268907563,-0.0187207804846198,0.5315126050420168,
323,NVR,4292.9599609375,,-0.1184488518304205,0.5105042016806722,-0.007247379961035,0.792016806722689,0.0626112189228336,0.9285714285714286,
324,NWL,14.489999771118164,,-0.327420715819422,0.14285714285714288,-0.3201644649149598,0.08823529411764706,-0.1516393538733638,0.03361344537815126,
325,NWS,16.43000030517578,,-0.3022563051300457,0.16806722689075632,-0.237913090590566,0.2058823529411765,-0.0159593207761331,0.5651260504201681,
326,NWSA,16.139999389648438,,-0.3221348710010741,0.14915966386554622,-0.2379259971186749,0.20378151260504201,-0.0132416962011706,0.592436974789916,
327,O,59.52000045776367,,-0.0546411664498791,0.6092436974789917,-0.1506129129087605,0.4621848739495798,-0.1177001569192925,0.08823529411764706,
328,ODFL,272.489990234375,,-0.0687897831433462,0.5882352941176471,0.0345119154886464,0.8676470588235294,0.0018014346852022,0.6932773109243697,
329,OKE,56.52000045776367,,-0.0123768360565487,0.6869747899159664,-0.1786905016234527,0.3739495798319328,-0.0510409812866558,0.33193277310924374,
330,OMC,66.30999755859375,,-0.0861191832573411,0.5504201680672269,-0.1423243493039871,0.4852941176470588,0.0159167281983511,0.7752100840336135,
331,ORCL,66.63999938964844,,-0.2667731029979268,0.226890756302521,-0.1790773047995658,0.37184873949579833,-0.0973859171486836,0.15756302521008403,
332,ORLY,732.0900268554688,,0.1965774543026931,0.8823529411764706,0.0072369187319554,0.823529411764706,0.034712304130753,0.8550420168067226,
333,OTIS,67.43000030517578,,-0.1900271314153012,0.36134453781512604,-0.1237242190397713,0.5483193277310925,-0.0645116732485364,0.27310924369747897,
334,OXY,67.73999786376953,,1.0994185869172244,1.0,0.1789986259117874,0.9705882352941176,0.0149009133839258,0.7731092436974789,
335,PAYC,351.6700134277344,,-0.312728386816578,0.15756302521008403,0.0719358843437116,0.9117647058823529,0.0166223397802949,0.7773109243697479,
336,PAYX,114.58999633789062,,-0.0107278065266827,0.6932773109243697,-0.1701307310664942,0.40336134453781514,-0.0577255508365106,0.3088235294117647,
337,PCAR,90.91000366210938,,0.1309798485750605,0.8277310924369747,0.1000852500437144,0.9432773109243697,0.0469883881724793,0.8970588235294117,
338,PEAK,23.290000915527344,,-0.2833987179113993,0.19957983193277312,-0.3209741447105667,0.0861344537815126,-0.1100496428112525,0.11974789915966387,
339,PEG,58.470001220703125,,-0.0014849819434143,0.703781512605042,-0.1703851919897871,0.39915966386554624,-0.0721951332308045,0.25,
340,PEP,166.0,,0.0904106694699273,0.8067226890756303,-0.0247584077682435,0.7584033613445378,-0.0207067112299056,0.5210084033613446,
341,PFE,44.119998931884766,,0.0660318351597343,0.7878151260504203,-0.1873652069027275,0.34243697478991597,-0.0358391488156306,0.4285714285714286,
342,PFG,78.52999877929688,,0.1982252023363629,0.884453781512605,0.0937912207313878,0.9327731092436974,0.0642363166412715,0.930672268907563,
343,PG,129.1999969482422,,-0.0704792318589919,0.5840336134453782,-0.1768330331087636,0.38025210084033617,-0.0474084472689209,0.35714285714285715,
344,PGR,122.33999633789062,,0.3658497611497045,0.9453781512605042,0.0243831762816905,0.8592436974789917,-0.001143101038583,0.6785714285714286,
345,PH,263.19000244140625,,-0.0770412100054687,0.5672268907563025,-0.0394140300946572,0.7394957983193278,-0.0125314086713981,0.5987394957983194,
346,PHM,40.86000061035156,,-0.1313390221663689,0.4810924369747899,0.0224584335272922,0.8550420168067226,0.0302405576947289,0.8298319327731093,
347,PKG,117.38999938964844,,-0.14881588561409,0.4495798319327731,-0.2086542586900701,0.28991596638655465,-0.1284409396509944,0.06512605042016807,
348,PKI,131.35000610351562,,-0.2305496019363201,0.28361344537815125,-0.2374469564286864,0.20798319327731093,-0.0064295829375801,0.6386554621848739,
349,PLD,105.44000244140624,,-0.1664145243618202,0.42016806722689076,-0.3669777340217006,0.046218487394957986,-0.1428902607238164,0.04201680672268908,
350,PM,86.97000122070312,,-0.0406647337452994,0.6302521008403361,-0.1038497725217321,0.5882352941176471,-0.0625671146707139,0.28361344537815125,
351,PNC,159.22999572753906,,-0.1874556850865648,0.3697478991596639,-0.1065384285421468,0.5798319327731093,0.0182899577902282,0.7857142857142857,
352,PNR,42.52000045776367,,-0.4044518897110312,0.08823529411764706,-0.1944701519211904,0.32983193277310924,-0.0307727036013195,0.4579831932773109,
353,PNW,65.29000091552734,,0.0046410268511102,0.7100840336134453,-0.1529651842065358,0.45588235294117646,-0.1239768954126997,0.06722689075630252,
354,PPG,120.2300033569336,,-0.1873442956099703,0.37184873949579833,-0.0952589412061356,0.6134453781512605,-0.0279731507492831,0.4726890756302521,
355,PPL,26.1200008392334,,-0.0442983367972486,0.6239495798319328,-0.088491650499085,0.6281512605042017,-0.0867405553219605,0.19537815126050423,
356,PRGO,38.83000183105469,,-0.1368734202803777,0.4663865546218487,0.0599886576898717,0.9012605042016807,0.0231884334762546,0.8025210084033614,
357,PRU,93.75,,-0.0962518944841726,0.5336134453781513,-0.1625104566921534,0.43487394957983194,-0.0045657284326017,0.6533613445378151,
358,PSA,293.9200134277344,,0.0388340801854357,0.7563025210084033,-0.243045272806953,0.19747899159663868,-0.1288181145447705,0.06302521008403361,
359,PSX,92.61000061035156,,0.2197597294268045,0.8970588235294117,0.1385262967542196,0.9600840336134453,0.0674273666445447,0.9411764705882354,
360,PVH,50.58000183105469,,-0.5263175945107439,0.02100840336134454,-0.2925073645325138,0.1134453781512605,-0.0605497457706917,0.29831932773109243,
361,PWR,134.5500030517578,,0.1893112803494345,0.8760504201680672,0.0182357907922772,0.8445378151260505,-0.0401848297532755,0.4054621848739496,
362,PXD,251.17999267578125,,0.5016693088191212,0.9663865546218487,0.0934225394736107,0.930672268907563,0.0510062634521587,0.9054621848739495,
363,PYPL,93.83000183105467,,-0.643962970369788,0.01050420168067227,-0.1699398348273893,0.4054621848739496,0.0241773074161813,0.8046218487394958,
364,QCOM,124.88999938964844,,-0.0045536297200079,0.6995798319327732,-0.0931479902826414,0.6197478991596639,-0.014052252348838,0.5903361344537815,
365,QRVO,87.3499984741211,,-0.4716627502164961,0.04201680672268908,-0.2358498789281604,0.21218487394957983,-0.0163288798176231,0.5609243697478992,
366,RCL,43.470001220703125,,-0.5104178311467816,0.029411764705882356,-0.451067055429539,0.018907563025210083,0.0392062949524161,0.8676470588235294,
367,RE,273.7300109863281,,0.0534116143240542,0.7773109243697479,-0.0657241883949659,0.6848739495798319,-0.0024416287356369,0.6701680672268908,
368,REG,55.70000076293945,,-0.1714143409225528,0.411764705882353,-0.1774811177056435,0.37815126050420167,-0.0823476391259696,0.21218487394957983,
369,REGN,745.6799926757812,,0.3508205613792383,0.9390756302521008,0.0330839640990156,0.865546218487395,0.299162030658691,0.995798319327731,
370,RF,21.170000076293945,,0.0008603528555851,0.7058823529411765,0.0546831021917369,0.8907563025210083,0.0076154138823931,0.7268907563025211,
371,RHI,79.66000366210938,,-0.2434962987006871,0.2668067226890756,-0.2735593075058053,0.13655462184873948,0.0332036995934255,0.8508403361344539,
372,RJF,108.13999938964844,,0.1437003922145793,0.8382352941176471,0.022394009433149,0.8529411764705883,0.0494720145381753,0.9012605042016807,
373,RL,94.0199966430664,,-0.1745622766170647,0.40756302521008403,-0.087849469640032,0.6302521008403361,0.0594315185499545,0.9243697478991596,
374,RMD,231.759994506836,,-0.0843898918812984,0.5525210084033614,-0.0769068312170157,0.6596638655462185,0.0503035922256381,0.9033613445378151,
375,ROK,234.7100067138672,,-0.2165423327629793,0.3172268907563025,-0.1254138688774243,0.542016806722689,-0.0148996385243637,0.5777310924369748,
376,ROL,36.68000030517578,,0.0123763238857291,0.7205882352941176,0.0378653962871492,0.8739495798319328,0.0251537606647339,0.819327731092437,
377,ROP,380.4500122070313,,-0.1559360277519197,0.4390756302521009,-0.2135172032659014,0.2773109243697479,-0.0399278370181218,0.40756302521008403,
378,ROST,89.81999969482422,,-0.1564181801258298,0.4369747899159664,-0.0511300188413713,0.7121848739495799,0.0357472143736664,0.8592436974789917,
379,RSG,141.1699981689453,,0.1447016706325796,0.842436974789916,0.0510240527373016,0.8865546218487396,-0.0164510294677181,0.5588235294117647,
380,RTX,85.20999908447266,,-0.0326542614281037,0.6512605042016807,-0.1461845874730312,0.4747899159663866,-0.022372699583587,0.5063025210084033,
381,SBAC,283.1199951171875,,-0.1552429967703142,0.4453781512605042,-0.2300250265545072,0.2310924369747899,-0.1140595530607821,0.10504201680672269,
382,SBUX,90.12000274658205,,-0.1789487490832672,0.39075630252100846,0.0980730516148416,0.9390756302521008,0.066256582180958,0.9369747899159664,
383,SCHW,75.93000030517578,,0.0045458582897794,0.707983193277311,-0.045304842468009,0.7289915966386554,0.0774797642953436,0.9558823529411765,
384,SEE,46.0,,-0.189946451097076,0.36344537815126055,-0.3076091300373451,0.09663865546218486,-0.1198744444485803,0.07773109243697479,
385,SHW,217.3699951171875,,-0.2535703035253152,0.24789915966386555,-0.1722149425454334,0.39285714285714285,-0.0482091668720057,0.35294117647058826,
386,SIVB,364.1199951171875,,-0.4529118389734179,0.0546218487394958,-0.2721675941359742,0.13865546218487396,-0.0508810832705704,0.33613445378151263,
387,SJM,141.25999450683594,,0.1941251192820401,0.8802521008403361,0.0435801314731177,0.884453781512605,0.0189712871051734,0.7899159663865547,
388,SLB,41.56999969482422,,0.3611420860798875,0.9432773109243697,0.0230439458254493,0.8571428571428572,0.1126873398204968,0.9894957983193278,
389,SLG,39.65999984741211,,-0.4222276473855276,0.07773109243697479,-0.4455900097927733,0.023109243697478993,-0.1112606595659597,0.11554621848739495,
390,SNA,214.0,,0.0159773691245024,0.7247899159663865,0.0557871644737322,0.8928571428571429,-0.0143245387205036,0.5861344537815126,
391,SNPS,321.3699951171875,,0.0770854991332709,0.7983193277310925,-0.015320035771685,0.7815126050420169,-0.0167059072894183,0.5504201680672269,
392,SO,68.7300033569336,,0.1400296150736447,0.8298319327731093,-0.0763253976041576,0.6617647058823529,-0.1163537614347734,0.09873949579831934,
393,SPG,95.7699966430664,,-0.2445764563057863,0.2647058823529412,-0.2118919586800899,0.27941176470588236,-0.0358492892010871,0.42647058823529416,
394,SPGI,321.6499938964844,,-0.2506054269002654,0.25420168067226895,-0.2212596501846842,0.24789915966386555,-0.09848934613317,0.15336134453781514,
395,SRE,153.52999877929688,,0.2603744618187061,0.907563025210084,-0.0728453375696167,0.6701680672268908,-0.0788616114750676,0.226890756302521,
396,STE,173.0399932861328,,-0.1973420950113869,0.35294117647058826,-0.3004845691583269,0.10294117647058824,-0.1233598772927124,0.06932773109243698,
397,STT,65.43000030517578,,-0.2419603857250579,0.2689075630252101,-0.2055973807811248,0.3025210084033613,-0.0287281496023308,0.4663865546218487,
398,STX,57.43000030517578,,-0.2725139261922201,0.21218487394957983,-0.3220954503049751,0.07983193277310924,-0.11116147853352,0.11764705882352942,
399,STZ,235.9499969482422,,0.1044175863528688,0.8151260504201681,-0.0204871928756481,0.7689075630252101,-0.0365061965114454,0.42436974789915966,
400,SWK,82.30000305175781,,-0.5247590208205553,0.023109243697478993,-0.3987871214840345,0.03991596638655462,-0.0351699870184023,0.4327731092436975,
401,SWKS,93.33999633789062,,-0.4136394702258451,0.08193277310924368,-0.2328091831177962,0.2226890756302521,-0.0441372772210971,0.3760504201680672,
402,SYF,31.75,,-0.3455229771110377,0.12605042016806722,-0.0978673738857029,0.6071428571428572,0.0241935483870967,0.8067226890756303,
403,SYK,216.1199951171875,,-0.1775714957291161,0.39915966386554624,-0.194518766756642,0.32773109243697474,0.0696604225175434,0.9453781512605042,
404,SYY,75.5,,-0.073019223828431,0.5798319327731093,-0.0925404712052591,0.6218487394957983,-0.0612955400530879,0.29411764705882354,
405,T,15.93000030517578,,-0.1780164211531222,0.39495798319327735,-0.0863726472359733,0.634453781512605,-0.0512209984191386,0.32983193277310924,
406,TAP,48.459999084472656,,0.0577340449784539,0.7815126050420169,-0.026333492577224,0.754201680672269,-0.0617619041077456,0.2878151260504202,
407,TDG,551.75,,-0.1243527722666972,0.4978991596638655,-0.1288694907562975,0.523109243697479,-0.0825421331238035,0.21008403361344538,
408,TDY,354.0,,-0.1757282255016442,0.4054621848739496,-0.262038793012957,0.15546218487394958,-0.0346858670875926,0.43487394957983194,
409,TEL,118.22000122070312,,-0.1802758763559808,0.38445378151260506,-0.0490041147565683,0.7205882352941176,-0.0396425451982753,0.4096638655462185,
410,TFC,45.86000061035156,,-0.2149567936182675,0.32142857142857145,-0.1311624205352238,0.5168067226890757,-0.0034767458891912,0.6659663865546218,
411,TFX,205.5500030517578,,-0.4478526262047627,0.06092436974789916,-0.3994640841323806,0.037815126050420166,-0.0728461620153054,0.24789915966386555,
412,TGT,156.41000366210938,,-0.3069955917544363,0.16386554621848737,-0.3074232732313341,0.09873949579831934,-0.0438317525900903,0.37815126050420167,
413,TJX,65.80000305175781,,0.0303969648195866,0.7415966386554622,0.0836442930821154,0.9243697478991596,0.0462713259715559,0.8949579831932774,
414,TMO,546.27001953125,,-0.0618670088494944,0.6050420168067226,-0.1067062346999994,0.5777310924369748,0.0025918143832087,0.6974789915966387,
415,TMUS,141.22999572753906,,0.1465334906449489,0.8445378151260505,0.0596488371927949,0.8991596638655462,-0.0047918252203658,0.6491596638655462,
416,TPR,31.86000061035156,,-0.141318243178638,0.4579831932773109,-0.027725947942719,0.7521008403361344,-0.0414662239367066,0.39705882352941174,
417,TROW,111.54000091552734,,-0.405689252725864,0.08403361344537816,-0.2220367036274197,0.2373949579831933,-0.0501930178348219,0.3403361344537815,
418,TRV,160.5399932861328,,0.043661658034583,0.7668067226890756,-0.1086096447561936,0.5714285714285715,-0.0026226642518614,0.6680672268907563,
419,TSCO,201.58999633789065,,0.0348293163214272,0.75,-0.1187252609707228,0.5567226890756303,0.0720591551561019,0.9516806722689075,
420,TSN,66.63999938964844,,-0.1344874903238924,0.4747899159663866,-0.2630978709015449,0.15336134453781514,-0.0878729589854763,0.19327731092436973,
421,TT,153.7100067138672,,-0.1179185181753965,0.5147058823529411,0.0182041893024638,0.842436974789916,-0.0179529611672017,0.542016806722689,
422,TTWO,117.3000030517578,,-0.3131112015163538,0.15336134453781514,-0.1820083121033273,0.35504201680672265,-0.0186563686966698,0.5336134453781513,
423,TWTR,51.29999923706055,,-0.1980616186004086,0.35084033613445376,0.0680824597308378,0.907563025210084,0.3272961762423624,0.9978991596638656,
424,TXN,167.8000030517578,,-0.1181501502368425,0.5126050420168068,-0.0424905062646376,0.7352941176470589,0.0288166570960102,0.823529411764706,
425,TXT,63.31999969482422,,-0.1351508532272413,0.4705882352941177,-0.0935842376854323,0.615546218487395,0.0227642172226314,0.7983193277310925,
426,TYL,367.2699890136719,,-0.2197200129412321,0.3130252100840336,-0.1612542593444923,0.4411764705882353,0.0101212704223065,0.75,
427,UA,6.690000057220459,,-0.6340262688224158,0.012605042016806723,-0.5491913754425525,0.004201680672268907,-0.0971659655894737,0.16176470588235292,
428,UAA,7.480000019073486,,-0.6456655706866455,0.008403361344537815,-0.5348258672535164,0.0063025210084033615,-0.0933333310213956,0.16806722689075632,
429,UAL,35.41999816894531,,-0.2847334846219247,0.19327731092436973,-0.1646227147580015,0.4285714285714286,-0.0317114161849108,0.45168067226890757,
430,UDR,41.08000183105469,,-0.2164738399364731,0.31932773109243695,-0.2947751397810536,0.10714285714285715,-0.108506940132766,0.1281512605042017,
431,UHS,94.70999908447266,,-0.2840118933872448,0.19747899159663868,-0.3416063625865181,0.06512605042016807,-0.0157955338193534,0.569327731092437,
432,ULTA,395.989990234375,,0.055888839621635,0.7794117647058824,-0.0069963602825175,0.7941176470588235,-0.0744004874594883,0.23949579831932774,
433,UNH,527.0700073242188,,0.3192865827542479,0.9285714285714286,-0.0118086119605566,0.7857142857142857,0.0213332980096483,0.796218487394958,
434,UNM,41.04999923706055,,0.5714888319042428,0.9726890756302521,0.3319589616944293,0.9978991596638656,0.091174917665101,0.9768907563025211,
435,UNP,200.6199951171875,,-0.0329039012837357,0.6470588235294117,-0.1711970789051517,0.39495798319327735,-0.1200105321655052,0.07563025210084033,
436,UPS,167.92999267578125,,-0.0488496617831754,0.6197478991596639,-0.1144794620122337,0.569327731092437,-0.1430394625318329,0.03991596638655462,
437,URI,293.8800048828125,,-0.166132250403648,0.42226890756302526,-0.0842577820439073,0.6407563025210083,0.0061627581255092,0.7205882352941176,
438,USB,42.20000076293945,,-0.2917653635698454,0.18487394957983194,-0.1799588114229732,0.36554621848739494,-0.0579264255401807,0.3067226890756303,
439,V,187.6699981689453,,-0.1802209492171396,0.38655462184873945,-0.1285612803079922,0.5252100840336135,-0.0552255399436675,0.3130252100840336,
440,VFC,31.89999961853028,,-0.515546870980943,0.0273109243697479,-0.4189111343464687,0.029411764705882356,-0.1980719438120573,0.008403361344537815,
441,VLO,118.08999633789062,,0.6207947880880637,0.9768907563025211,0.1622579216279894,0.9663865546218487,0.0470827949642477,0.8991596638655462,
442,VMC,164.11000061035156,,-0.0627635105730145,0.6029411764705883,-0.0634954718674992,0.6932773109243697,-0.0018247250475972,0.6743697478991596,
443,VNO,22.46999931335449,,-0.452747224262805,0.05672268907563025,-0.4449925121165769,0.025210084033613446,-0.1469248601675946,0.037815126050420166,
444,VRSK,179.92999267578125,,-0.1239543836967844,0.5,-0.1800189824006346,0.36344537815126055,-0.0346029883044421,0.4411764705882353,
445,VRSN,183.8699951171875,,-0.122883218840859,0.5042016806722689,-0.1668781256924617,0.42016806722689076,0.0086675181811797,0.7352941176470589,
446,VRTX,302.0199890136719,,0.6777023766567826,0.9810924369747899,0.0949498013862413,0.9348739495798319,0.0818110070101452,0.9642857142857143,
447,VTR,39.86000061035156,,-0.244597646272607,0.26260504201680673,-0.3370406563240781,0.06932773109243698,-0.1610991152211585,0.0273109243697479,
448,VZ,39.400001525878906,,-0.2417808054255699,0.27310924369747897,-0.2425347110433341,0.19957983193277312,-0.0413624576972333,0.39915966386554624,
449,WAB,88.06999969482422,,-0.0189660991006893,0.6722689075630253,-0.0248092810595223,0.7563025210084033,0.0085890976021665,0.7331932773109244,
450,WAT,290.8399963378906,,-0.1601744148645836,0.43487394957983194,-0.0730199319907868,0.6680672268907563,-0.0236665143639243,0.4978991596638655,
451,WBA,33.15999984741211,,-0.2764483111429704,0.20378151260504201,-0.247434517017035,0.1869747899159664,-0.0611551490961262,0.296218487394958,
452,WDC,37.16999816894531,,-0.352326214248928,0.12394957983193278,-0.2217336793291563,0.2457983193277311,-0.0927508649874674,0.1722689075630252,
453,WEC,90.55999755859376,,0.0397390167368139,0.7605042016806723,-0.1152259524815628,0.5651260504201681,-0.1212885726384114,0.07142857142857144,
454,WELL,62.31999969482422,,-0.2263650335176181,0.29411764705882354,-0.3432423381755541,0.06092436974789916,-0.1830099542196313,0.014705882352941178,
455,WFC,43.310001373291016,,-0.0742588518548446,0.5735294117647058,-0.0815569365668001,0.6470588235294117,0.010027991941808,0.7478991596638656,
456,WHR,144.44000244140625,,-0.2695055722268858,0.2226890756302521,-0.1255542871120867,0.5378151260504201,-0.0434436924410182,0.38025210084033617,
457,WM,166.6300048828125,,0.0991440169964622,0.8109243697478992,0.0254266803374398,0.8613445378151261,-0.0112569119800894,0.6134453781512605,
458,WMB,30.459999084472656,,0.1612628405768773,0.8592436974789917,-0.0725802480148221,0.6722689075630253,-0.0698250971016177,0.26260504201680673,
459,WMT,132.9199981689453,,-0.0301355620987263,0.6533613445378151,-0.14408987334148,0.4789915966386555,0.0043826647053384,0.7058823529411765,
460,WRB,67.9800033569336,,0.3521811860797319,0.9411764705882354,0.0214178171496146,0.8487394957983193,0.0363114174383614,0.8613445378151261,
461,WRK,32.7400016784668,,-0.3431945530711293,0.1281512605042017,-0.2851227209764703,0.12184873949579832,-0.1705092306586059,0.018907563025210083,
462,WST,259.6700134277344,,-0.3771128094225294,0.10714285714285715,-0.3817199585791675,0.04201680672268908,-0.1076631840971327,0.1323529411764706,
463,WU,14.289999961853027,,-0.272588040038712,0.21008403361344538,-0.218665865595197,0.25840336134453784,0.0094215999763949,0.7415966386554622,
464,WY,29.809999465942383,,-0.1252583391363908,0.4936974789915966,-0.2055960734174644,0.3046218487394958,-0.1117402191268412,0.11134453781512604,
465,WYNN,72.18000030517578,,-0.1556906993939053,0.4432773109243698,-0.0241990115720905,0.7605042016806723,0.2402061745528103,0.9936974789915967,
466,XEL,64.33000183105469,,0.0336537524439654,0.7478991596638656,-0.1254362906938861,0.5399159663865547,-0.1301603473308422,0.06092436974789916,
467,XOM,99.12000274658205,,0.7079297545685027,0.9852941176470589,0.1888096025249305,0.9789915966386554,0.0439179139796385,0.8907563025210083,
468,XRAY,30.239999771118164,,-0.4722192262045289,0.03991596638655462,-0.3660353678941401,0.04831932773109243,-0.0222966985821994,0.5084033613445379,
469,XRX,14.890000343322754,,-0.2556599138464073,0.24369747899159663,-0.2056499280911397,0.3004201680672269,-0.0446892512116607,0.3739495798319328,
470,XYL,92.66000366210938,,-0.2332552855251787,0.27941176470588236,0.0759558073563038,0.9138655462184875,0.0017297693201013,0.6911764705882354,
471,YUM,112.33000183105467,,-0.0862582615413335,0.5483193277310925,-0.0578058170963051,0.6974789915966387,-0.0020433167424274,0.6722689075630253,
472,ZBH,112.48999786376952,,-0.2092148371644149,0.3403361344537815,-0.1301939716733373,0.5210084033613446,0.0744461289216806,0.953781512605042,
473,ZBRA,281.8800048828125,,-0.44116888476376,0.06302521008403361,-0.3262906094770356,0.07773109243697479,-0.0277652812621244,0.476890756302521,
474,ZION,53.52000045776367,,-0.1300431644077053,0.4831932773109244,-0.1410221104070554,0.4894957983193277,-0.0208561908677431,0.5168067226890757,
475,ZTS,154.58999633789062,,-0.2182321671928372,0.31512605042016806,-0.216162940648726,0.2668067226890756,-0.0143458304803366,0.5840336134453782,
